,0
0,2020-01-01
1,2020-01-25
2,2020-01-27
3,2020-01-28
4,2020-04-04
5,2020-04-10
6,2020-04-11
7,2020-04-13
8,2020-04-30
9,2020-05-01
10,2020-06-25
11,2020-07-01
12,2020-10-01
13,2020-10-02
14,2020-10-26
15,2020-12-25
16,2020-12-26
17,2021-01-01
18,2021-02-12
19,2021-02-13
20,2021-02-15
21,2021-04-02
22,2021-04-03
23,2021-04-05
24,2021-04-06
25,2021-05-01
26,2021-05-19
27,2021-06-14
28,2021-07-01
29,2021-09-22
30,2021-10-01
31,2021-10-14
32,2021-12-25
33,2021-12-27
34,2022-01-01
35,2022-02-01
36,2022-02-02
37,2022-02-03
38,2022-04-05
39,2022-04-15
40,2022-04-16
41,2022-04-18
42,2022-05-02
43,2022-05-09
44,2022-06-03
45,2022-07-01
46,2022-09-12
47,2022-10-01
48,2022-10-04
49,2022-12-26
50,2022-12-27
